repo,samples,dormant
Automattic/mongoose,61,0
Leaflet/Leaflet,60,0
Polymer/polymer,38,2
adobe/brackets,31,2
angular/angular.js,52,2
angular/protractor,28,3
animate-css/animate.css,40,2
ariya/phantomjs,31,2
atom/atom,43,1
axios/axios,42,0
bottlepy/bottle,61,1
bower/bower,31,2
browserify/browserify,41,5
chalk/chalk,43,1
chartjs/Chart.js,48,0
d3/d3,57,0
docopt/docopt,12,5
emberjs/ember.js,57,0
encode/httpx,25,1
encode/starlette,28,0
eslint/eslint,48,0
expressjs/express,63,0
fabric/fabric,59,2
facebook/flux,31,2
falconry/falcon,50,0
gruntjs/grunt,41,3
gulpjs/gulp,33,4
h5bp/html5-boilerplate,60,0
hapijs/hapi,55,0
hubotio/hubot,43,3
immutable-js/immutable-js,40,0
jashkenas/backbone,40,4
jashkenas/coffeescript,48,2
jashkenas/underscore,54,3
jasmine/jasmine,67,0
jekyll/jekyll,67,0
jquery/jquery,78,0
jscs-dev/node-jscs,12,3
jshint/jshint,47,1
karma-runner/karma,47,1
knockout/knockout,43,4
koajs/koa,44,1
less/less.js,56,1
lodash/lodash,52,2
marionettejs/backbone.marionette,34,4
meteor/meteor,55,0
mobxjs/mobx,41,0
mochajs/mocha,54,1
moment/moment,48,2
necolas/normalize.css,24,2
nose-devs/nose,34,1
palantir/tslint,27,2
pallets/click,44,0
pallets/flask,61,0
pallets/jinja,72,1
prettier/prettier,34,0
psf/black,29,0
psf/requests,57,0
pyenv/pyenv,56,0
pyinvoke/invoke,51,1
pypa/pip,67,0
pytest-dev/pytest,74,0
rbenv/rbenv,50,0
reduxjs/redux,40,0
request/request,35,2
request/request-promise,20,2
sass/node-sass,43,2
sequelize/sequelize,60,0
sinatra/sinatra,72,0
sindresorhus/got,45,0
sqlalchemy/sqlalchemy,81,0
strongloop/loopback,29,1
tornadoweb/tornado,64,0
twbs/bootstrap,57,0
vuejs/vue,42,1
yarnpkg/yarn,26,3
